<?xml version = "1.0" encoding="UTF-8"?>
<地图创建模块数据结构>
    <路径段>
        <Route Length="200" Dir="1" EndNum="1" Angle="0" ContainStation="0" Num="0" StartPos="212,117" Capacity="1" EndPos="412,117" StartNum="0"/>
        <Route Length="200" Dir="1" EndNum="2" Angle="-90" ContainStation="1" Num="1" StartPos="510,174" Capacity="1" EndPos="510,374" StartNum="1"/>
        <Route Length="200" Dir="1" EndNum="3" Angle="180" ContainStation="" Num="2" StartPos="426,440" Capacity="1" EndPos="226,440" StartNum="2"/>
        <Route Length="200" Dir="1" EndNum="0" Angle="90" ContainStation="" Num="3" StartPos="169,378" Capacity="1" EndPos="169,178" StartNum="3"/>
    </路径段>
    <路径端点>
        <RoutePoint RFID="0" PosY="50" Num="0" LineEnter="3" LineExit="0" PosX="50" Type="4"/>
        <RoutePoint RFID="0" PosY="50" Num="1" LineEnter="0" LineExit="1" PosX="250" Type="4"/>
        <RoutePoint RFID="0" PosY="250" Num="2" LineEnter="1" LineExit="2" PosX="250" Type="4"/>
        <RoutePoint RFID="0" PosY="250" Num="3" LineEnter="2" LineExit="3" PosX="50" Type="4"/>
    </路径端点>
    <工位点>
        <StationPoint Length="30" RFID="0" Num="0" Attach="0" Type="0"/>
        <StationPoint Length="70" RFID="0" Num="1" Attach="1" Type="0"/>
    </工位点>
    <距离表>
        <Row0 Content="0,200,400,600;"/>
        <Row1 Content="600,0,200,400;"/>
        <Row2 Content="400,600,0,200;"/>
        <Row3 Content="200,400,600,0;"/>
    </距离表>
    <路由表>
        <Row0 Content="0,1,1,1;"/>
        <Row1 Content="2,1,2,2;"/>
        <Row2 Content="3,3,2,3;"/>
        <Row3 Content="0,0,0,3;"/>
    </路由表>
</地图创建模块数据结构>
